{"ContentRoots":["D:\\Realta NetCore Library\\Library\\R_BlazorFrontEnd.Controls\\wwwroot\\","C:\\Users\\sihol\\.nuget\\packages\\telerik.ui.for.blazor\\4.3.0\\staticwebassets\\","D:\\Realta NetCore Library\\Library\\R_BlazorFrontEnd.Controls\\obj\\release\\net6.0\\scopedcss\\bundle\\"],"Root":{"Children":{"background.png":{"Children":null,"Asset":{"ContentRootIndex":0,"SubPath":"background.png"},"Patterns":null},"css":{"Children":{"R_BlazorControlStyle.css":{"Children":null,"Asset":{"ContentRootIndex":0,"SubPath":"css/R_BlazorControlStyle.css"},"Patterns":null},"R_BlazorControlStyle.min.css":{"Children":null,"Asset":{"ContentRootIndex":0,"SubPath":"css/R_BlazorControlStyle.min.css"},"Patterns":null}},"Asset":null,"Patterns":null},"R_BlazorFrontEnd.Controls.js":{"Children":null,"Asset":{"ContentRootIndex":0,"SubPath":"R_BlazorFrontEnd.Controls.js"},"Patterns":null},"_content":{"Children":{"Telerik.UI.for.Blazor":{"Children":{"css":{"Children":{"kendo-theme-bootstrap":{"Children":{"all.css":{"Children":null,"Asset":{"ContentRootIndex":1,"SubPath":"css/kendo-theme-bootstrap/all.css"},"Patterns":null}},"Asset":null,"Patterns":null},"kendo-theme-default":{"Children":{"all.css":{"Children":null,"Asset":{"ContentRootIndex":1,"SubPath":"css/kendo-theme-default/all.css"},"Patterns":null},"default-ocean-blue.css":{"Children":null,"Asset":{"ContentRootIndex":1,"SubPath":"css/kendo-theme-default/default-ocean-blue.css"},"Patterns":null}},"Asset":null,"Patterns":null},"kendo-theme-fluent":{"Children":{"all.css":{"Children":null,"Asset":{"ContentRootIndex":1,"SubPath":"css/kendo-theme-fluent/all.css"},"Patterns":null}},"Asset":null,"Patterns":null},"kendo-theme-material":{"Children":{"all.css":{"Children":null,"Asset":{"ContentRootIndex":1,"SubPath":"css/kendo-theme-material/all.css"},"Patterns":null}},"Asset":null,"Patterns":null}},"Asset":null,"Patterns":null},"images":{"Children":{"blazor.png":{"Children":null,"Asset":{"ContentRootIndex":1,"SubPath":"images/blazor.png"},"Patterns":null}},"Asset":null,"Patterns":null},"js":{"Children":{"telerik-blazor.js":{"Children":null,"Asset":{"ContentRootIndex":1,"SubPath":"js/telerik-blazor.js"},"Patterns":null}},"Asset":null,"Patterns":null}},"Asset":null,"Patterns":null}},"Asset":null,"Patterns":null},"R_BlazorFrontEnd.Controls.styles.css":{"Children":null,"Asset":{"ContentRootIndex":2,"SubPath":"R_BlazorFrontEnd.Controls.styles.css"},"Patterns":null}},"Asset":null,"Patterns":[{"ContentRootIndex":0,"Pattern":"**","Depth":0}]}}